{
  "manifest": {
    "publishingInformation": {
      "locales": {
        "es-MX": {
          "summary": "Aplicacion del clima",
          "examplePhrases": [
            "Alexa, Abre clima edgar",
            "",
            ""
          ],
          "keywords": [
            "clima",
            "temperatura"
          ],
          "name": "UTXJ-Clima-13",
          "description": "Proyecto para desarrollo de aplicaciones",
          "smallIconUri": "file://assets/images/es-MX_smallIconUri.png",
          "largeIconUri": "file://assets/images/es-MX_largeIconUri.png"
        }
      },
      "automaticDistribution": {
        "isActive": false
      },
      "isAvailableWorldwide": true,
      "testingInstructions": "{\"ask_dist_username\":\"\",\"ask_dist_password\":\"\",\"ask_dist_testing_instructions\":\"Sample Testing Instructions.\"}",
      "category": "WEATHER",
      "distributionCountries": []
    },
    "apis": {
      "custom": {
        "endpoint": {
          "uri": "arn:aws:lambda:us-east-1:586794484728:function:c48afd49-13c8-483b-b07f-507831f056f4:Release_0"
        },
        "interfaces": [],
        "locales": {},
        "regions": {
          "EU": {
            "endpoint": {
              "uri": "arn:aws:lambda:eu-west-1:586794484728:function:c48afd49-13c8-483b-b07f-507831f056f4:Release_0"
            }
          },
          "NA": {
            "endpoint": {
              "uri": "arn:aws:lambda:us-east-1:586794484728:function:c48afd49-13c8-483b-b07f-507831f056f4:Release_0"
            }
          },
          "FE": {
            "endpoint": {
              "uri": "arn:aws:lambda:us-west-2:586794484728:function:c48afd49-13c8-483b-b07f-507831f056f4:Release_0"
            }
          }
        }
      }
    },
    "manifestVersion": "1.0",
    "privacyAndCompliance": {
      "allowsPurchases": false,
      "locales": {
        "es-MX": {}
      },
      "containsAds": false,
      "isExportCompliant": true,
      "isChildDirected": false,
      "shoppingKit": {
        "isShoppingActionsEnabled": false,
        "isAmazonAssociatesOnAlexaEnabled": false
      },
      "usesPersonalInfo": false
    }
  }
}